{
  "DidntUnderstandMessage": {
    "replies": [
      {
        "text": "Sorry, I didn't understand what you meant.",
        "speak": "Sorry, I didn't understand what you meant."
      },
      {
        "text": "I didn't understand, perhaps try again in a different way.",
        "speak": "I didn't understand, perhaps try again in a different way."
      },
      {
        "text": "Can you try to ask in a different way?",
        "speak": "Can you try to ask in a different way?"
      },
      {
        "text": "I didn't get what you mean, can you try in a different way?",
        "speak": "I didn't get what you mean, can you try in a different way?"
      },
      {
        "text": "Could you elaborate?",
        "speak": "Could you elaborate?"
      },
      {
        "text": "Please say that again in a different way.",
        "speak": "Please say that again in a different way."
      },
      {
        "text": "I didn't quite get that.",
        "speak": "I didn't quite get that."
      },
      {
        "text": "Can you say that in a different way?",
        "speak": "Can you say that in a different way?"
      },
      {
        "text": "Can you try to ask me again? I didn't get what you mean.",
        "speak": "Can you try to ask me again? I didn't get what you mean."
      }
    ],
    "inputHint": "acceptingInput"
  },
  "CancellingMessage": {
    "replies": [
      {
        "text": "Sure, we can do this later.",
        "speak": "Sure, we can do this later."
      },
      {
        "text": "Sure, we can start this later.",
        "speak": "Sure, we can start this later."
      },
      {
        "text": "No problem, you can try again at another time.",
        "speak": "No problem, you can try again at another time."
      },
      {
        "text": "Alright, let me know when you need my help.",
        "speak": "Alright, let me know when you need my help."
      },
      {
        "text": "Sure, I'm here if you need me.",
        "speak": "Sure, I'm here if you need me."
      }
    ],
    "inputHint": "acceptingInput"
  },
  "NoAuth": {
    "replies": [
      {
        "text": "Please log in before taking further action.",
        "speak": "Please log in before taking further action."
      },
      {
        "text": "Please log in so I can take further action.",
        "speak": "Please log in so I can take further action."
      },
      {
        "text": "Please log in so I can proceed with your request.",
        "speak": "Please log in so I can proceed with your request."
      },
      {
        "text": "Can you log in so I can help you out further?",
        "speak": "Can you log in so I can help you out further?"
      },
      {
        "text": "You need to log in so I can take further action.",
        "speak": "You need to log in so I can take further action."
      }
    ],
    "inputHint": "expectingInput"
  },
  "AuthFailed": {
    "replies": [
      {
        "text": "Authentication failed. Please try again",
        "speak": "Authentication failed. Please try again."
      },
      {
        "text": "You failed to log in. Please try again later.",
        "speak": "You failed to log in. please try again later."
      },
      {
        "text": "Your log in failed. Let's try this again.",
        "speak": "Your log in failed. Let's try this again."
      }
    ],
    "inputHint": "acceptingInput"
  },
  "ActionEnded": {
    "replies": [
      {
        "text": "Let me know if you need my help with something else.",
        "speak": "Let me know if you need my help with something else."
      },
      {
        "text": "I'm here if you need me.",
        "speak": "I'm here if you need me."
      }
    ],
    "inputHint": "acceptingInput"
  },
  "ErrorMessage": {
    "replies": [
      {
        "text": "Sorry, it looks like something went wrong!",
        "speak": "Sorry, it looks like something went wrong!"
      },
      {
        "text": "An error occurred, please try again later.",
        "speak": "An error occurred, please try again later."
      },
      {
        "text": "Something went wrong, sorry!",
        "speak": "Something went wrong, sorry!"
      },
      {
        "text": "It seems like something went wrong. Can you try again later?",
        "speak": "It seems like something went wrong. Can you try again later?"
      },
      {
        "text": "Sorry I can't help right now. Please try again later.",
        "speak": "Sorry I can't help right now. Please try again later."
      }
    ],
    "inputHint": "acceptingInput"
  }
}
